{"policy_2": {"jahomhggpolhfjpomljoelcciaogmekh": 61.0989010989011, "nikefjgggkloengmpjhlpenlcdacpikn": 78.0982905982906, "agpijpbfbjfdahhjjigjbhfeogijlajm": 77.56410256410257, "cdffhiaggiemcfnhjpcpbppcnebifcjg": 78.2051282051282, "dillijfbjhoiokfgjbngplcfggkkdnbn": 30.787820202996617, "cpkngdhdaeegjnegopglpgpdbedcibco": 24.563289438323032, "cghkkgdgeiicjolmpclfiajnmkeiglho": 24.569429494079657, "gpnepihajljigdgpcafkcjpgopbpkjkk": 11.52228763666947, "jhoddpnaknifeinaojmahfmbgephkodj": 2.492025518341308, "bfgkgjjcgcfdjdcdcicnekhhldinkkhk": 0.703478089998035, "fdbdanegkdppobjaimfhdhidknlceajk": 18.676627534685167, "jandhnpfekgdcklcgfcljmijgbgnchni": 11.559589204681156, "mnbdclgaeiapdnhfpbfalfjfcjddfaii": 40.49520766773163, "aacchphcelmdefffjbbkpbijlgimeohh": 28.56748550924648, "plfjknmnfcebmjgapjjjlolngmonocda": 19.767441860465116, "afdchmbeiaoiimakagbcnaehgdpncdbl": 18.676627534685167, "iedelpfmeejalepbpmmfbfnfoeojohpp": 4.57235072619688, "ifedhhifnpeienmijpikiecfemepleeg": 5.675881904091096, "mbhogigjpbknpdogfkenmgijelgjjcod": 16.2751677852349, "lfkaepdpjgnonpodbgalgkbcbmahegap": 8.804143126177024, "hkicaocjinbpfkollonmickokmfmokkp": 34.6031746031746, "cgifdpikilmphplddaagnmhpdcnohhda": 44.11764705882353, "iggenblfbenekkodbkplfnlbnbcgbhcc": 24.569429494079657, "pialcfacfddohgedacaoonpknplgnikk": 3.602521765235665}, "policy_3": {"agpijpbfbjfdahhjjigjbhfeogijlajm": 71.36752136752136, "cpkngdhdaeegjnegopglpgpdbedcibco": 10.696049449072829, "cghkkgdgeiicjolmpclfiajnmkeiglho": 10.629709364908503, "cdffhiaggiemcfnhjpcpbppcnebifcjg": 75.21367521367522, "gpnepihajljigdgpcafkcjpgopbpkjkk": 18.839360807401178, "jhoddpnaknifeinaojmahfmbgephkodj": 4.505582137161085, "dillijfbjhoiokfgjbngplcfggkkdnbn": 15.466408893185113, "bfgkgjjcgcfdjdcdcicnekhhldinkkhk": 0.7015130674002751, "jahomhggpolhfjpomljoelcciaogmekh": 61.0989010989011, "fdbdanegkdppobjaimfhdhidknlceajk": 27.85485592315902, "jandhnpfekgdcklcgfcljmijgbgnchni": 11.368521614521137, "mnbdclgaeiapdnhfpbfalfjfcjddfaii": 31.869009584664536, "aacchphcelmdefffjbbkpbijlgimeohh": 24.896494617720123, "plfjknmnfcebmjgapjjjlolngmonocda": 19.767441860465116, "afdchmbeiaoiimakagbcnaehgdpncdbl": 35.53895410885806, "iedelpfmeejalepbpmmfbfnfoeojohpp": 4.267527344450421, "ifedhhifnpeienmijpikiecfemepleeg": 2.9113106767623407, "mbhogigjpbknpdogfkenmgijelgjjcod": 21.308724832214764, "nikefjgggkloengmpjhlpenlcdacpikn": 71.47435897435898, "lfkaepdpjgnonpodbgalgkbcbmahegap": 8.804143126177024, "hkicaocjinbpfkollonmickokmfmokkp": 34.6031746031746, "iggenblfbenekkodbkplfnlbnbcgbhcc": 10.57588805166846, "pialcfacfddohgedacaoonpknplgnikk": 3.602521765235665, "cgifdpikilmphplddaagnmhpdcnohhda": 44.11764705882353}, "policy_1": {"agpijpbfbjfdahhjjigjbhfeogijlajm": 77.35042735042735, "cpkngdhdaeegjnegopglpgpdbedcibco": 24.563289438323032, "cghkkgdgeiicjolmpclfiajnmkeiglho": 24.569429494079657, "cdffhiaggiemcfnhjpcpbppcnebifcjg": 78.0982905982906, "gpnepihajljigdgpcafkcjpgopbpkjkk": 23.170731707317074, "jhoddpnaknifeinaojmahfmbgephkodj": 3.807814992025518, "dillijfbjhoiokfgjbngplcfggkkdnbn": 30.787820202996617, "bfgkgjjcgcfdjdcdcicnekhhldinkkhk": 0.7054431125957948, "jahomhggpolhfjpomljoelcciaogmekh": 61.0989010989011, "fdbdanegkdppobjaimfhdhidknlceajk": 40.55496264674493, "jandhnpfekgdcklcgfcljmijgbgnchni": 11.368521614521137, "mnbdclgaeiapdnhfpbfalfjfcjddfaii": 40.49520766773163, "aacchphcelmdefffjbbkpbijlgimeohh": 29.533535743858682, "plfjknmnfcebmjgapjjjlolngmonocda": 19.767441860465116, "afdchmbeiaoiimakagbcnaehgdpncdbl": 40.23479188900747, "iedelpfmeejalepbpmmfbfnfoeojohpp": 4.393042854581316, "ifedhhifnpeienmijpikiecfemepleeg": 7.1902330222457005, "mbhogigjpbknpdogfkenmgijelgjjcod": 22.315436241610737, "nikefjgggkloengmpjhlpenlcdacpikn": 77.88461538461539, "lfkaepdpjgnonpodbgalgkbcbmahegap": 8.804143126177024, "hkicaocjinbpfkollonmickokmfmokkp": 34.6031746031746, "cgifdpikilmphplddaagnmhpdcnohhda": 44.11764705882353, "iggenblfbenekkodbkplfnlbnbcgbhcc": 24.569429494079657, "pialcfacfddohgedacaoonpknplgnikk": 3.602521765235665}}