{"policy_2": {"jahomhggpolhfjpomljoelcciaogmekh": 61.0989010989011, "nikefjgggkloengmpjhlpenlcdacpikn": 78.0982905982906, "agpijpbfbjfdahhjjigjbhfeogijlajm": 77.56410256410257, "cdffhiaggiemcfnhjpcpbppcnebifcjg": 78.2051282051282, "dillijfbjhoiokfgjbngplcfggkkdnbn": 30.787820202996617, "cpkngdhdaeegjnegopglpgpdbedcibco": 24.563289438323032, "cghkkgdgeiicjolmpclfiajnmkeiglho": 24.569429494079657, "gpnepihajljigdgpcafkcjpgopbpkjkk": 11.52228763666947, "jhoddpnaknifeinaojmahfmbgephkodj": 2.492025518341308, "bfgkgjjcgcfdjdcdcicnekhhldinkkhk": 0.703478089998035, "fdbdanegkdppobjaimfhdhidknlceajk": 18.676627534685167, "jandhnpfekgdcklcgfcljmijgbgnchni": 11.559589204681156, "mnbdclgaeiapdnhfpbfalfjfcjddfaii": 40.49520766773163, "aacchphcelmdefffjbbkpbijlgimeohh": 28.56748550924648, "plfjknmnfcebmjgapjjjlolngmonocda": 19.767441860465116, "afdchmbeiaoiimakagbcnaehgdpncdbl": 18.676627534685167, "iedelpfmeejalepbpmmfbfnfoeojohpp": 4.57235072619688, "ifedhhifnpeienmijpikiecfemepleeg": 5.675881904091096, "mbhogigjpbknpdogfkenmgijelgjjcod": 16.2751677852349, "lfkaepdpjgnonpodbgalgkbcbmahegap": 8.804143126177024, "hkicaocjinbpfkollonmickokmfmokkp": 34.6031746031746, "cgifdpikilmphplddaagnmhpdcnohhda": 44.11764705882353, "iggenblfbenekkodbkplfnlbnbcgbhcc": 24.569429494079657, "pialcfacfddohgedacaoonpknplgnikk": 3.602521765235665}, "policy_3": {"agpijpbfbjfdahhjjigjbhfeogijlajm": 42.0940170940171, "cpkngdhdaeegjnegopglpgpdbedcibco": 8.277344799785004, "cghkkgdgeiicjolmpclfiajnmkeiglho": 8.26157158234661, "cdffhiaggiemcfnhjpcpbppcnebifcjg": 41.55982905982906, "gpnepihajljigdgpcafkcjpgopbpkjkk": 14.087468460891506, "jhoddpnaknifeinaojmahfmbgephkodj": 3.6084529505582137, "dillijfbjhoiokfgjbngplcfggkkdnbn": 10.97148380860319, "bfgkgjjcgcfdjdcdcicnekhhldinkkhk": 0.29082334446846136, "jahomhggpolhfjpomljoelcciaogmekh": 52.08791208791209, "fdbdanegkdppobjaimfhdhidknlceajk": 18.78335112059765, "jandhnpfekgdcklcgfcljmijgbgnchni": 8.88464294244089, "mnbdclgaeiapdnhfpbfalfjfcjddfaii": 28.594249201277954, "aacchphcelmdefffjbbkpbijlgimeohh": 11.813414297543472, "plfjknmnfcebmjgapjjjlolngmonocda": 19.767441860465116, "afdchmbeiaoiimakagbcnaehgdpncdbl": 19.637139807897544, "iedelpfmeejalepbpmmfbfnfoeojohpp": 3.837188452573068, "ifedhhifnpeienmijpikiecfemepleeg": 1.7491342372483418, "mbhogigjpbknpdogfkenmgijelgjjcod": 19.29530201342282, "nikefjgggkloengmpjhlpenlcdacpikn": 43.376068376068375, "lfkaepdpjgnonpodbgalgkbcbmahegap": 8.757062146892656, "hkicaocjinbpfkollonmickokmfmokkp": 34.6031746031746, "iggenblfbenekkodbkplfnlbnbcgbhcc": 8.288482238966631, "pialcfacfddohgedacaoonpknplgnikk": 3.602521765235665, "cgifdpikilmphplddaagnmhpdcnohhda": 42.35294117647059}, "policy_1": {"agpijpbfbjfdahhjjigjbhfeogijlajm": 77.35042735042735, "cpkngdhdaeegjnegopglpgpdbedcibco": 24.563289438323032, "cghkkgdgeiicjolmpclfiajnmkeiglho": 24.569429494079657, "cdffhiaggiemcfnhjpcpbppcnebifcjg": 78.0982905982906, "gpnepihajljigdgpcafkcjpgopbpkjkk": 23.170731707317074, "jhoddpnaknifeinaojmahfmbgephkodj": 3.807814992025518, "dillijfbjhoiokfgjbngplcfggkkdnbn": 30.787820202996617, "bfgkgjjcgcfdjdcdcicnekhhldinkkhk": 0.7054431125957948, "jahomhggpolhfjpomljoelcciaogmekh": 61.0989010989011, "fdbdanegkdppobjaimfhdhidknlceajk": 40.55496264674493, "jandhnpfekgdcklcgfcljmijgbgnchni": 11.368521614521137, "mnbdclgaeiapdnhfpbfalfjfcjddfaii": 40.49520766773163, "aacchphcelmdefffjbbkpbijlgimeohh": 29.533535743858682, "plfjknmnfcebmjgapjjjlolngmonocda": 19.767441860465116, "afdchmbeiaoiimakagbcnaehgdpncdbl": 40.23479188900747, "iedelpfmeejalepbpmmfbfnfoeojohpp": 4.393042854581316, "ifedhhifnpeienmijpikiecfemepleeg": 7.1902330222457005, "mbhogigjpbknpdogfkenmgijelgjjcod": 22.315436241610737, "nikefjgggkloengmpjhlpenlcdacpikn": 77.88461538461539, "lfkaepdpjgnonpodbgalgkbcbmahegap": 8.804143126177024, "hkicaocjinbpfkollonmickokmfmokkp": 34.6031746031746, "cgifdpikilmphplddaagnmhpdcnohhda": 44.11764705882353, "iggenblfbenekkodbkplfnlbnbcgbhcc": 24.569429494079657, "pialcfacfddohgedacaoonpknplgnikk": 3.602521765235665}}